year,competition_type,problem_number,question_html,solution_html,answer
2001,AMC 8,17,"<p>For the game show <i>Who Wants To Be A Millionaire?</i>, the dollar values of each question are shown in the following table (where K = 1000).
</p><p><img alt=""\[\begin{tabular}{rccccccccccccccc} \text{Question} &amp; 1 &amp; 2 &amp; 3 &amp; 4 &amp; 5 &amp; 6 &amp; 7 &amp; 8 &amp; 9 &amp; 10 &amp; 11 &amp; 12 &amp; 13 &amp; 14 &amp; 15 \\ \text{Value} &amp; 100 &amp; 200 &amp; 300 &amp; 500 &amp; 1\text{K} &amp; 2\text{K} &amp; 4\text{K} &amp; 8\text{K} &amp; 16\text{K} &amp; 32\text{K} &amp; 64\text{K} &amp; 125\text{K} &amp; 250\text{K} &amp; 500\text{K} &amp; 1000\text{K} \end{tabular}\]"" class=""latexcenter"" height=""32"" src=""//latex.artofproblemsolving.com/f/7/2/f72d71240cdafc0531cc3a8916a28cacd345acdf.png"" width=""795"">
</p><p>Between which two questions is the percent increase of the value the smallest?
</p><p><img alt=""$\text{(A)}\ \text{From 1 to 2} \qquad \text{(B)}\ \text{From 2 to 3} \qquad \text{(C)}\ \text{From 3 to 4} \qquad \text{(D)}\ \text{From 11 to 12} \qquad \text{(E)}\ \text{From 14 to 15}$"" class=""latex"" height=""17"" src=""//latex.artofproblemsolving.com/4/d/e/4de29ce023bedb5c9f307ec4189b523cb6deabf0.png"" style=""vertical-align: -4px"" width=""748"">
</p>","<p>Notice that in two of the increases, the dollar amount doubles. The increases in which this is not true is <img alt=""$2$"" class=""latex"" height=""12"" src=""//latex.artofproblemsolving.com/4/1/c/41c544263a265ff15498ee45f7392c5f86c6d151.png"" width=""8""> to <img alt=""$3$"" class=""latex"" height=""12"" src=""//latex.artofproblemsolving.com/7/c/d/7cde695f2e4542fd01f860a89189f47a27143b66.png"" width=""8"">, <img alt=""$3$"" class=""latex"" height=""12"" src=""//latex.artofproblemsolving.com/7/c/d/7cde695f2e4542fd01f860a89189f47a27143b66.png"" width=""8""> to <img alt=""$4$"" class=""latex"" height=""12"" src=""//latex.artofproblemsolving.com/c/7/c/c7cab1a05e1e0c1d51a6a219d96577a16b7abf9d.png"" style=""vertical-align: 0px"" width=""9"">, and <img alt=""$11$"" class=""latex"" height=""12"" src=""//latex.artofproblemsolving.com/c/6/8/c6878713578626763c38433b3f4c8c2205ad0c15.png"" style=""vertical-align: 0px"" width=""17""> to <img alt=""$12$"" class=""latex"" height=""12"" src=""//latex.artofproblemsolving.com/e/d/f/edf074831eb5bc9e61d6d6e09f525a86e3068f6a.png"" style=""vertical-align: 0px"" width=""17"">. We can disregard <img alt=""$11$"" class=""latex"" height=""12"" src=""//latex.artofproblemsolving.com/c/6/8/c6878713578626763c38433b3f4c8c2205ad0c15.png"" style=""vertical-align: 0px"" width=""17""> to <img alt=""$12$"" class=""latex"" height=""12"" src=""//latex.artofproblemsolving.com/e/d/f/edf074831eb5bc9e61d6d6e09f525a86e3068f6a.png"" style=""vertical-align: 0px"" width=""17""> since that increase is almost <img alt=""$2$"" class=""latex"" height=""12"" src=""//latex.artofproblemsolving.com/4/1/c/41c544263a265ff15498ee45f7392c5f86c6d151.png"" width=""8""> times. The increase from <img alt=""$2$"" class=""latex"" height=""12"" src=""//latex.artofproblemsolving.com/4/1/c/41c544263a265ff15498ee45f7392c5f86c6d151.png"" width=""8""> to <img alt=""$3$"" class=""latex"" height=""12"" src=""//latex.artofproblemsolving.com/7/c/d/7cde695f2e4542fd01f860a89189f47a27143b66.png"" width=""8""> is <img alt=""$\frac{300-200}{200}=\frac{1}{2}$"" class=""latex"" height=""37"" src=""//latex.artofproblemsolving.com/4/5/d/45dea15c328259ff2a89689c109c631f96e21b14.png"" style=""vertical-align: -12px"" width=""116"">, so it's only multiplied by a factor of <img alt=""$1.5$"" class=""latex"" height=""13"" src=""//latex.artofproblemsolving.com/1/5/7/15788e198a53ced87268aea78fcde68a84de92c0.png"" style=""vertical-align: 0px"" width=""22"">. The increase from <img alt=""$3$"" class=""latex"" height=""12"" src=""//latex.artofproblemsolving.com/7/c/d/7cde695f2e4542fd01f860a89189f47a27143b66.png"" width=""8""> to <img alt=""$4$"" class=""latex"" height=""12"" src=""//latex.artofproblemsolving.com/c/7/c/c7cab1a05e1e0c1d51a6a219d96577a16b7abf9d.png"" style=""vertical-align: 0px"" width=""9""> is <img alt=""$\frac{500-300}{300}=\frac{2}{3}$"" class=""latex"" height=""37"" src=""//latex.artofproblemsolving.com/d/9/8/d98e334eec267886c7d6fe971df5c18ec007f301.png"" style=""vertical-align: -12px"" width=""116"">, so it is multiplied by a factor of <img alt=""$1.\bar{6}$"" class=""latex"" height=""15"" src=""//latex.artofproblemsolving.com/c/2/e/c2e0a00256e6457fc4dd3e2f0c29158e55ee3d82.png"" style=""vertical-align: 0px"" width=""22"">. Therefore, the smallest percent increase is <img alt=""$\text{From 2 to 3}, \boxed{\text{B}}$"" class=""latex"" height=""23"" src=""//latex.artofproblemsolving.com/c/6/8/c68d5f593dfedd2b84355d3fcb861f01438ecebd.png"" style=""vertical-align: -5px"" width=""117"">
</p>",B
2001,AMC 8,20,"<p>Kaleana shows her test score to Quay, Marty and Shana, but the others keep theirs hidden. Quay thinks, ""At least two of us have the same score."" Marty thinks, ""I didn't get the lowest score."" Shana thinks, ""I didn't get the highest score."" List the scores from lowest to highest for Marty (M), Quay (Q) and Shana (S).
</p><p><img alt=""$\text{(A)}\ \text{S,Q,M} \qquad \text{(B)}\ \text{Q,M,S} \qquad \text{(C)}\ \text{Q,S,M} \qquad \text{(D)}\ \text{M,S,Q} \qquad \text{(E)}\ \text{S,M,Q}$"" class=""latex"" height=""17"" src=""//latex.artofproblemsolving.com/1/8/6/186a9ef15645df5d37d6b66dc5c17db6493b3ef8.png"" style=""vertical-align: -4px"" width=""517"">
</p>","<p>Since the only other score Quay knows is Kaleana's, and he knows that two of them have the same score, Quay and Kaleana must have the same score, and <img alt=""$K=Q$"" class=""latex"" height=""16"" src=""//latex.artofproblemsolving.com/3/b/5/3b5517bda01b522da24654a1b7757f3e39e118be.png"" style=""vertical-align: -3px"" width=""54"">. Marty knows that he didn't get the lowest score, and the only other score he knows is Kaleana's, so Marty must know that Kaleana must have a lower score than him, and <img alt=""$M>K$"" class=""latex"" height=""13"" src=""//latex.artofproblemsolving.com/e/e/5/ee579eb9705e1319c6c3ab461f8fa826b8584b82.png"" style=""vertical-align: 0px"" width=""60"">. Finally, Shana knows that she didn't get the highest score, and the only other score she knows is Kaleana's, so Shana must know that Kaleana must have a higher score than her, and <img alt=""$S<K$"" class=""latex"" height=""15"" src=""//latex.artofproblemsolving.com/a/5/c/a5c1b777510a5caa50e7dfc4ce04a052aceba79f.png"" style=""vertical-align: -2px"" width=""55"">. Putting these together and substituting <img alt=""$Q$"" class=""latex"" height=""16"" src=""//latex.artofproblemsolving.com/9/8/6/9866e3a998d628ba0941eb4fea0666ac391d149a.png"" style=""vertical-align: -3px"" width=""13""> for <img alt=""$K$"" class=""latex"" height=""12"" src=""//latex.artofproblemsolving.com/d/f/b/dfb064112b6c94470339f6571f69d07afc1c024c.png"" width=""16"">, we have <img alt=""$S<Q<M$"" class=""latex"" height=""16"" src=""//latex.artofproblemsolving.com/f/6/4/f64f39fe4e6f15f4f5157e37de402d6cf4f58118.png"" style=""vertical-align: -3px"" width=""94"">, and from least to greatest this is <img alt=""$\text{S, Q, M}$"" class=""latex"" height=""15"" src=""//latex.artofproblemsolving.com/3/8/a/38aa7669b7381742bd4db57eb7c5fe7b14bb1160.png"" style=""vertical-align: -3px"" width=""57"">, therefore the answer is <img alt=""$\boxed{\text{A}}$"" class=""latex"" height=""23"" src=""//latex.artofproblemsolving.com/d/7/9/d79e0e8ce41b5c08729443bcc258d13ca061ff35.png"" style=""vertical-align: -5px"" width=""24"">.
</p>",A
2002,AMC 8,5,"<p>Carlos Montado was born on Saturday, November 9, 2002. On what day of the week will Carlos be 706 days old?
</p><p><img alt=""$\text{(A)}\ \text{Monday} \qquad \text{(B)}\ \text{Wednesday} \qquad \text{(C)}\ \text{Friday} \qquad \text{(D)}\ \text{Saturday} \qquad \text{(E)}\ \text{Sunday}$"" class=""latex"" height=""17"" src=""//latex.artofproblemsolving.com/5/3/9/5394082788ce1aec05049700ce7ec15dde74de48.png"" style=""vertical-align: -4px"" width=""590"">
</p>","<p>Days of the week have a cycle that repeats every <img alt=""$7$"" class=""latex"" height=""12"" src=""//latex.artofproblemsolving.com/e/0/a/e0a0db32027a732ac57d37ef2ae9bb150f65b108.png"" width=""9""> days.  Thus, after <img alt=""$100$"" class=""latex"" height=""13"" src=""//latex.artofproblemsolving.com/e/5/9/e59e2c6e83eb78cca610a5fd4070ae01c8d4ae60.png"" style=""vertical-align: 0px"" width=""26""> cycles, or <img alt=""$700$"" class=""latex"" height=""12"" src=""//latex.artofproblemsolving.com/b/6/4/b640caf462417d59208b590f634dd8de89b8a96f.png"" width=""26""> days, it will be Saturday again.  Six more days will make it <img alt=""$\text{Friday} \rightarrow \boxed{C}$"" class=""latex"" height=""24"" src=""//latex.artofproblemsolving.com/2/7/d/27d56869d938f12e3e5e71e01f5d7b56d1f5aa82.png"" style=""vertical-align: -5px"" width=""100"">
</p>",C
2003,AMC 8,24,"<p>A ship travels from point <img alt=""$A$"" class=""latex"" height=""13"" src=""//latex.artofproblemsolving.com/0/1/9/019e9892786e493964e145e7c5cf7b700314e53b.png"" width=""13""> to point <img alt=""$B$"" class=""latex"" height=""12"" src=""//latex.artofproblemsolving.com/f/f/5/ff5fb3d775862e2123b007eb4373ff6cc1a34d4e.png"" width=""14""> along a semicircular path, centered at Island <img alt=""$X$"" class=""latex"" height=""12"" src=""//latex.artofproblemsolving.com/6/a/4/6a47ca0fe7cb276abc022af6ac88ddae1a9d6894.png"" width=""15"">. Then it travels along a straight path from <img alt=""$B$"" class=""latex"" height=""12"" src=""//latex.artofproblemsolving.com/f/f/5/ff5fb3d775862e2123b007eb4373ff6cc1a34d4e.png"" width=""14""> to <img alt=""$C$"" class=""latex"" height=""12"" src=""//latex.artofproblemsolving.com/c/3/3/c3355896da590fc491a10150a50416687626d7cc.png"" width=""14"">. Which of these graphs best shows the ship's distance from Island <img alt=""$X$"" class=""latex"" height=""12"" src=""//latex.artofproblemsolving.com/6/a/4/6a47ca0fe7cb276abc022af6ac88ddae1a9d6894.png"" width=""15""> as it moves along its course?
</p><p><img alt=""[asy]size(150); pair X=origin, A=(-5,0), B=(5,0), C=(0,5); draw(Arc(X, 5, 180, 360)^^B--C); dot(X); label(&quot;$X$&quot;, X, NE); label(&quot;$C$&quot;, C, N); label(&quot;$B$&quot;, B, E); label(&quot;$A$&quot;, A, W); [/asy]"" class=""latexcenter"" height=""228"" src=""//latex.artofproblemsolving.com/9/1/9/91933f8be27c24174af480d964c31782da9f3bb4.png"" width=""252"">
</p>","<p>The distance from Island <img alt=""$\text{X}$"" class=""latex"" height=""12"" src=""//latex.artofproblemsolving.com/4/a/e/4ae5f1c3bb5ee22198c136ad4cc3dda97286f0d4.png"" style=""vertical-align: 0px"" width=""12""> to any point on the semicircle will always be constant. On the graph, this will represent a straight line. The distance between Island <img alt=""$\text{X}$"" class=""latex"" height=""12"" src=""//latex.artofproblemsolving.com/4/a/e/4ae5f1c3bb5ee22198c136ad4cc3dda97286f0d4.png"" style=""vertical-align: 0px"" width=""12""> and line <img alt=""$\text{BC}$"" class=""latex"" height=""12"" src=""//latex.artofproblemsolving.com/0/9/3/09340233a63e03e5ad29f0931b1173eb9af56a4e.png"" style=""vertical-align: 0px"" width=""23""> will not be constant though. We can easily prove that the distance between <img alt=""$\text{X}$"" class=""latex"" height=""12"" src=""//latex.artofproblemsolving.com/4/a/e/4ae5f1c3bb5ee22198c136ad4cc3dda97286f0d4.png"" style=""vertical-align: 0px"" width=""12""> and line <img alt=""$\text{BC}$"" class=""latex"" height=""12"" src=""//latex.artofproblemsolving.com/0/9/3/09340233a63e03e5ad29f0931b1173eb9af56a4e.png"" style=""vertical-align: 0px"" width=""23""> will represent a curve. As the ship travels from <img alt=""$B$"" class=""latex"" height=""12"" src=""//latex.artofproblemsolving.com/f/f/5/ff5fb3d775862e2123b007eb4373ff6cc1a34d4e.png"" width=""14""> to <img alt=""$C$"" class=""latex"" height=""12"" src=""//latex.artofproblemsolving.com/c/3/3/c3355896da590fc491a10150a50416687626d7cc.png"" width=""14"">, the distance between the ship and Island <img alt=""$X$"" class=""latex"" height=""12"" src=""//latex.artofproblemsolving.com/6/a/4/6a47ca0fe7cb276abc022af6ac88ddae1a9d6894.png"" width=""15""> will first decrease until it reaches the point <img alt=""$Y$"" class=""latex"" height=""12"" src=""//latex.artofproblemsolving.com/c/e/5/ce58e4af225c93d08606c26554caaa5ae32edeba.png"" width=""14""> so that <img alt=""$\overline{XY}$"" class=""latex"" height=""15"" src=""//latex.artofproblemsolving.com/9/5/9/95915f5885ed19f737ac8338c7c0b1d0e23fb73a.png"" width=""31""> is perpendicular to <img alt=""$\overline{BC}$"" class=""latex"" height=""15"" src=""//latex.artofproblemsolving.com/e/3/3/e33fe7d65facd8868f58b6e94ddc7f153a5a3f9f.png"" width=""29"">, and then increase afterwards. Hence the answer choice that fits them all is <img alt=""$\boxed{\text{(B)}}$"" class=""latex"" height=""28"" src=""//latex.artofproblemsolving.com/6/9/b/69bb65d8b09333c4d5a11be52f4f7df860510d21.png"" style=""vertical-align: -10px"" width=""36"">.
</p>",B
2010,AMC 8,17,"<p>The diagram shows an octagon consisting of <img alt=""$10$"" class=""latex"" height=""13"" src=""//latex.artofproblemsolving.com/f/c/6/fc606f7f1e530731ab4f1cc364c01dc64a4455ee.png"" style=""vertical-align: 0px"" width=""17""> unit squares. The portion below <img alt=""$\overline{PQ}$"" class=""latex"" height=""19"" src=""//latex.artofproblemsolving.com/0/d/e/0deaae00f6af4ac1f5882568e7b6667bb334a2ef.png"" style=""vertical-align: -3px"" width=""29""> is a unit square and a triangle with base <img alt=""$5$"" class=""latex"" height=""12"" src=""//latex.artofproblemsolving.com/7/9/0/79069377f91364c2f87a64e5f9f562a091c8a6c1.png"" width=""8"">. If <img alt=""$\overline{PQ}$"" class=""latex"" height=""19"" src=""//latex.artofproblemsolving.com/0/d/e/0deaae00f6af4ac1f5882568e7b6667bb334a2ef.png"" style=""vertical-align: -3px"" width=""29""> bisects the area of the octagon, what is the ratio <img alt=""$\frac{XQ}{QY}$"" class=""latex"" height=""41"" src=""//latex.artofproblemsolving.com/7/9/1/7912fbb1d0e163d921543174943d1dded6080b6e.png"" style=""vertical-align: -16px"" width=""33"">?
</p><p><img alt=""[asy] import graph; size(300);  real lsf = 0.5;  pen dp = linewidth(0.7) + fontsize(10);  defaultpen(dp);  pen ds = black;  pen xdxdff = rgb(0.49,0.49,1); draw((0,0)--(6,0),linewidth(1.2pt));  draw((0,0)--(0,1),linewidth(1.2pt));  draw((0,1)--(1,1),linewidth(1.2pt));  draw((1,1)--(1,2),linewidth(1.2pt));  draw((1,2)--(5,2),linewidth(1.2pt));  draw((5,2)--(5,1),linewidth(1.2pt));  draw((5,1)--(6,1),linewidth(1.2pt));  draw((6,1)--(6,0),linewidth(1.2pt));  draw((1,1)--(5,1),linewidth(1.2pt)); draw((1,1)--(1,0),linewidth(1.2pt));  draw((2,2)--(2,0),linewidth(1.2pt));  draw((3,2)--(3,0),linewidth(1.2pt));  draw((4,2)--(4,0),linewidth(1.2pt));  draw((5,1)--(5,0),linewidth(1.2pt)); draw((0,0)--(5,1.5),linewidth(1.2pt)); dot((0,0),ds); label(&quot;$P$&quot;, (-0.23,-0.26),NE*lsf);  dot((0,1),ds);  dot((1,1),ds);  dot((1,2),ds);  dot((5,2),ds);  label(&quot;$X$&quot;, (5.14,2.02),NE*lsf); dot((5,1),ds);  label(&quot;$Y$&quot;, (5.12,1.14),NE*lsf); dot((6,1),ds);  dot((6,0),ds); dot((1,0),ds); dot((2,0),ds); dot((3,0),ds);  dot((4,0),ds); dot((5,0),ds); dot((2,2),ds); dot((3,2),ds);  dot((4,2),ds); dot((5,1.5),ds);  label(&quot;$Q$&quot;, (5.14,1.51),NE*lsf);  clip((-4.19,-5.52)--(-4.19,6.5)--(10.08,6.5)--(10.08,-5.52)--cycle); [/asy]"" class=""latexcenter"" height=""202"" src=""//latex.artofproblemsolving.com/3/b/b/3bba290e642b0a44220ce1e8ce69c823fe134b28.png"" width=""505"">
</p><p><img alt=""$\textbf{(A)}\ \frac 25 \qquad \textbf{(B)}\ \frac 12 \qquad \textbf{(C)}\ \frac 35 \qquad \textbf{(D)}\ \frac 23 \qquad \textbf{(E)}\ \frac 34$"" class=""latex"" height=""38"" src=""//latex.artofproblemsolving.com/b/4/b/b4b9b14b2478b027559a2e40531c51a63878ef78.png"" style=""vertical-align: -13px"" width=""367"">
</p>","<p>We see that half the area of the octagon is <img alt=""$5$"" class=""latex"" height=""12"" src=""//latex.artofproblemsolving.com/7/9/0/79069377f91364c2f87a64e5f9f562a091c8a6c1.png"" width=""8"">. We see that the triangle area is <img alt=""$5-1 = 4$"" class=""latex"" height=""13"" src=""//latex.artofproblemsolving.com/3/5/8/3580a3c7e4b8c340c96073d0fd2038e4eaa05010.png"" style=""vertical-align: 0px"" width=""73"">. That means that <img alt=""$\frac{5h}{2} = 4 \rightarrow h=\frac{8}{5}$"" class=""latex"" height=""37"" src=""//latex.artofproblemsolving.com/6/1/a/61af019651c9cc971ecbae358efc916289e4a9fc.png"" style=""vertical-align: -12px"" width=""131"">.
<img alt=""\[\text{QY}=\frac{8}{5} - 1 = \frac{3}{5}\]"" class=""latexcenter"" height=""37"" src=""//latex.artofproblemsolving.com/c/5/1/c51e67a5af29dec7181d654c8f9db251979e609e.png"" width=""129"">
Meaning, <img alt=""$\frac{\frac{2}{5}}{\frac{3}{5}} = \boxed{\textbf{(D) }\frac{2}{3}}$"" class=""latex"" height=""49"" src=""//latex.artofproblemsolving.com/3/5/5/355f599ea3f9582320040b2d9333b0111400856b.png"" style=""vertical-align: -19px"" width=""99"">
</p>",D
2016,AMC 8,13,"<p>Two different numbers are randomly selected from the set <img alt=""$\{ - 2, -1, 0, 3, 4, 5\}$"" class=""latex"" height=""20"" src=""//latex.artofproblemsolving.com/b/1/5/b151b79dfb9671886fffc3dd3a6383c1f88fb41c.png"" style=""vertical-align: -5px"" width=""143""> and multiplied together. What is the probability that the product is <img alt=""$0$"" class=""latex"" height=""12"" src=""//latex.artofproblemsolving.com/b/c/1/bc1f9d9bf8a1b606a4188b5ce9a2af1809e27a89.png"" width=""8"">?
</p><p><img alt=""$\textbf{(A) }\dfrac{1}{6}\qquad\textbf{(B) }\dfrac{1}{5}\qquad\textbf{(C) }\dfrac{1}{4}\qquad\textbf{(D) }\dfrac{1}{3}\qquad \textbf{(E) }\dfrac{1}{2}$"" class=""latex"" height=""38"" src=""//latex.artofproblemsolving.com/a/5/4/a54165a617e820bab785a62aa15b21c3e1fa5213.png"" style=""vertical-align: -13px"" width=""375"">
</p>","<p>1. Identify the total number of ways to select two different numbers from the set:
</p><p>The set has 6 elements. The number of ways to choose 2 different numbers from 6 is given by the combination formula: <img alt=""$\binom{6}{2} = \frac{6 \times 5}{2 \times 1} = 15$"" class=""latex"" height=""55"" src=""//latex.artofproblemsolving.com/9/f/f/9ffa257c97c0eceb611fae76d9c3616c0c06848d.png"" style=""vertical-align: -23px"" width=""150"">.
</p><p>2. Identify the favorable outcomes:
</p><p>For the product to be zero, one of the chosen numbers must be zero. The set contains one zero (0). To have a product of zero, we need to choose 0 and any other number from the remaining five numbers <img alt=""$-2, -1, 3, 4, 5$"" class=""latex"" height=""17"" src=""//latex.artofproblemsolving.com/8/8/3/8836f7150a38b281c401fb058005e5df705e5c37.png"" style=""vertical-align: -4px"" width=""108"">.
</p><p>The number of ways to choose 0 and one other number from the remaining five is 5.
</p><p>3. Calculate the probability:
</p><p>The probability is the number of favorable outcomes divided by the total number of outcomes: <img alt=""$\text{Probability} = \frac{\text{Number of favorable outcomes}}{\text{Total number of outcomes}} = \frac{5}{15} = \frac{1}{3}$"" class=""latex"" height=""38"" src=""//latex.artofproblemsolving.com/1/2/d/12d12659500c33c9c7e421e69b5d79333dd4b18d.png"" style=""vertical-align: -13px"" width=""417"">.
</p><p>Thus, the probability that the product is <img alt=""$0$"" class=""latex"" height=""12"" src=""//latex.artofproblemsolving.com/b/c/1/bc1f9d9bf8a1b606a4188b5ce9a2af1809e27a89.png"" width=""8""> is <img alt=""$\boxed{\textbf{(D)} \ \frac{1}{3}}.$"" class=""latex"" height=""49"" src=""//latex.artofproblemsolving.com/e/f/3/ef3916b929b4908717522eb1dbd423a62cf66118.png"" style=""vertical-align: -19px"" width=""66"">
</p><p>~GeometryMystery
</p>",D
2022,AMC 8,22,"<p>A bus takes <img alt=""$2$"" class=""latex"" height=""12"" src=""//latex.artofproblemsolving.com/4/1/c/41c544263a265ff15498ee45f7392c5f86c6d151.png"" width=""8""> minutes to drive from one stop to the next, and waits <img alt=""$1$"" class=""latex"" height=""14"" src=""//latex.artofproblemsolving.com/d/c/e/dce34f4dfb2406144304ad0d6106c5382ddd1446.png"" style=""vertical-align: -1px"" width=""11""> minute at each stop to let passengers board. Zia takes <img alt=""$5$"" class=""latex"" height=""12"" src=""//latex.artofproblemsolving.com/7/9/0/79069377f91364c2f87a64e5f9f562a091c8a6c1.png"" width=""8""> minutes to walk from one bus stop to the next. As Zia reaches a bus stop, if the bus is at the previous stop or has already left the previous stop, then she will wait for the bus. Otherwise she will start walking toward the next stop. Suppose the bus and Zia start at the same time toward the library, with the bus <img alt=""$3$"" class=""latex"" height=""12"" src=""//latex.artofproblemsolving.com/7/c/d/7cde695f2e4542fd01f860a89189f47a27143b66.png"" width=""8""> stops behind. After how many minutes will Zia board the bus?
</p><p><img alt=""$\textbf{(A) } 17 \qquad \textbf{(B) } 19 \qquad \textbf{(C) } 20 \qquad \textbf{(D) } 21 \qquad \textbf{(E) } 23$"" class=""latex"" height=""18"" src=""//latex.artofproblemsolving.com/9/6/1/9619c6075ef397361475f26d377ec3aad49ca766.png"" style=""vertical-align: -5px"" width=""401"">
</p>","<p>Initially, suppose that the bus is at Stop <img alt=""$0$"" class=""latex"" height=""12"" src=""//latex.artofproblemsolving.com/b/c/1/bc1f9d9bf8a1b606a4188b5ce9a2af1809e27a89.png"" width=""8""> (starting point) and Zia is at Stop <img alt=""$3.$"" class=""latex"" height=""12"" src=""//latex.artofproblemsolving.com/9/3/0/93032f1ab8b685d84a767a2fde0d9006a464b5e4.png"" width=""12"">
</p><p>We construct the following table of <img alt=""$5$"" class=""latex"" height=""12"" src=""//latex.artofproblemsolving.com/7/9/0/79069377f91364c2f87a64e5f9f562a091c8a6c1.png"" width=""8"">-minute intervals:
<img alt=""\[\begin{array}{c||c|c} &amp; &amp; \\ [-2.5ex] \textbf{Time} &amp; \textbf{Bus's Location} &amp; \textbf{Zia's Location} \\ [0.5ex] \hline &amp; &amp; \\ [-2ex] \boldsymbol{5} \ \textbf{Minutes} &amp; \text{Stop} \ 2 \ \text{(Waiting)} &amp; \text{Stop} \ 4 \\ \boldsymbol{10} \ \textbf{Minutes} &amp; \text{Midpoint of Stops} \ 3 \ \text{and} \ 4 &amp; \text{Stop} \ 5 \\ \boldsymbol{15} \ \textbf{Minutes} &amp; \text{Stop} \ 5 \ \text{(Leaving)} &amp; \text{Stop} \ 6 \end{array}\]"" class=""latexcenter"" height=""91"" src=""//latex.artofproblemsolving.com/3/5/c/35ce3adda15ea6e1dc0e86e7a8ec18117392e69e.png"" width=""458"">
Note that Zia will wait for the bus after <img alt=""$15$"" class=""latex"" height=""13"" src=""//latex.artofproblemsolving.com/f/1/9/f1965fae079a9ba2c0726c307070c2355dfcb213.png"" style=""vertical-align: 0px"" width=""17""> minutes, and the bus will arrive <img alt=""$2$"" class=""latex"" height=""12"" src=""//latex.artofproblemsolving.com/4/1/c/41c544263a265ff15498ee45f7392c5f86c6d151.png"" width=""8""> minutes later.
</p><p>Therefore, the answer is <img alt=""$15+2=\boxed{\textbf{(A) } 17}.$"" class=""latex"" height=""30"" src=""//latex.artofproblemsolving.com/1/e/1/1e1a40cdf9eec4013722bde13bf9faac49102d31.png"" style=""vertical-align: -11px"" width=""146"">
</p><p>~MRENTHUSIASM
</p>",A
2023,AMC 8,18,"<p>Greta Grasshopper sits on a long line of lily pads in a pond. From any lily pad, Greta can jump <img alt=""$5$"" class=""latex"" height=""12"" src=""//latex.artofproblemsolving.com/7/9/0/79069377f91364c2f87a64e5f9f562a091c8a6c1.png"" width=""8""> pads to the right or <img alt=""$3$"" class=""latex"" height=""12"" src=""//latex.artofproblemsolving.com/7/c/d/7cde695f2e4542fd01f860a89189f47a27143b66.png"" width=""8""> pads to the left. What is the fewest number of jumps Greta must make to reach the lily pad located <img alt=""$2023$"" class=""latex"" height=""12"" src=""//latex.artofproblemsolving.com/0/8/7/0873e9fed23538e535ac05c3284b86bd7bce6fd6.png"" width=""35""> pads to the right of her starting point?
</p><p><img alt=""$\textbf{(A)}\ 405 \qquad \textbf{(B)}\ 407 \qquad \textbf{(C)}\ 409 \qquad \textbf{(D)}\ 411 \qquad \textbf{(E)}\ 413$"" class=""latex"" height=""18"" src=""//latex.artofproblemsolving.com/a/4/7/a473784da5b9eec4604b6f76407944e13e4b5a72.png"" style=""vertical-align: -5px"" width=""442"">
</p>","<p>We have <img alt=""$2$"" class=""latex"" height=""12"" src=""//latex.artofproblemsolving.com/4/1/c/41c544263a265ff15498ee45f7392c5f86c6d151.png"" width=""8""> directions going <img alt=""$5$"" class=""latex"" height=""12"" src=""//latex.artofproblemsolving.com/7/9/0/79069377f91364c2f87a64e5f9f562a091c8a6c1.png"" width=""8""> right or <img alt=""$3$"" class=""latex"" height=""12"" src=""//latex.artofproblemsolving.com/7/c/d/7cde695f2e4542fd01f860a89189f47a27143b66.png"" width=""8""> left. We can assign a variable to each of these directions. We can call going right <img alt=""$1$"" class=""latex"" height=""14"" src=""//latex.artofproblemsolving.com/d/c/e/dce34f4dfb2406144304ad0d6106c5382ddd1446.png"" style=""vertical-align: -1px"" width=""11""> direction <img alt=""$\text{X}$"" class=""latex"" height=""12"" src=""//latex.artofproblemsolving.com/4/a/e/4ae5f1c3bb5ee22198c136ad4cc3dda97286f0d4.png"" style=""vertical-align: 0px"" width=""12""> and we can call going <img alt=""$1$"" class=""latex"" height=""14"" src=""//latex.artofproblemsolving.com/d/c/e/dce34f4dfb2406144304ad0d6106c5382ddd1446.png"" style=""vertical-align: -1px"" width=""11""> left <img alt=""$\text{Y}$"" class=""latex"" height=""12"" src=""//latex.artofproblemsolving.com/f/c/f/fcfb65d98e3e4d7d8592056f225e7e1bddebf4d8.png"" style=""vertical-align: 0px"" width=""12"">. We can build an equation of <img alt=""$5\text{X}-3\text{Y}=2023$"" class=""latex"" height=""15"" src=""//latex.artofproblemsolving.com/b/f/4/bf4a868e583c6d4bb3bbf5ebc47af51237255b38.png"" style=""vertical-align: -2px"" width=""128"">, where we have to limit the number of moves we do. We can do this by making more of our moves the <img alt=""$5$"" class=""latex"" height=""12"" src=""//latex.artofproblemsolving.com/7/9/0/79069377f91364c2f87a64e5f9f562a091c8a6c1.png"" width=""8""> move turn than the <img alt=""$3$"" class=""latex"" height=""12"" src=""//latex.artofproblemsolving.com/7/c/d/7cde695f2e4542fd01f860a89189f47a27143b66.png"" width=""8""> move turn. The first obvious step is to go some amount of moves in the right direction then subtract off in the left direction to land on <img alt=""$2023$"" class=""latex"" height=""12"" src=""//latex.artofproblemsolving.com/0/8/7/0873e9fed23538e535ac05c3284b86bd7bce6fd6.png"" width=""35"">. The least amount of <img alt=""$3$"" class=""latex"" height=""12"" src=""//latex.artofproblemsolving.com/7/c/d/7cde695f2e4542fd01f860a89189f47a27143b66.png"" width=""8"">â€™s added to <img alt=""$2023$"" class=""latex"" height=""12"" src=""//latex.artofproblemsolving.com/0/8/7/0873e9fed23538e535ac05c3284b86bd7bce6fd6.png"" width=""35""> to make a multiple of <img alt=""$5$"" class=""latex"" height=""12"" src=""//latex.artofproblemsolving.com/7/9/0/79069377f91364c2f87a64e5f9f562a091c8a6c1.png"" width=""8""> is <img alt=""$4$"" class=""latex"" height=""12"" src=""//latex.artofproblemsolving.com/c/7/c/c7cab1a05e1e0c1d51a6a219d96577a16b7abf9d.png"" style=""vertical-align: 0px"" width=""9""> as <img alt=""$2023 + 4(3) = 2035$"" class=""latex"" height=""20"" src=""//latex.artofproblemsolving.com/1/7/0/1707bb92d96cc71131c614d51b7e7856e684461a.png"" style=""vertical-align: -5px"" width=""153"">. So now, we have solved the problem as we just go <img alt=""$\frac{2035}{5} = 407$"" class=""latex"" height=""38"" src=""//latex.artofproblemsolving.com/b/0/6/b069793d4642cafbc11823085faa4ed78fd08019.png"" style=""vertical-align: -13px"" width=""94""> hops right, and just do 4 more hops left. Yielding <img alt=""$407 + 4 = \boxed{\textbf{(D)}\ 411}$"" class=""latex"" height=""30"" src=""//latex.artofproblemsolving.com/2/2/e/22e5af6c831f4697665b4af8f17609a9b1871d34.png"" style=""vertical-align: -11px"" width=""158""> as our answer.
</p><p>~apex304, SohumUttamchandani, wuwang2002, TaeKim, Cxrupptedpat
</p>",D
